"Techstack","Links"
"React, Node.js, MongoDB","https://example.com/react-portfolio"
"Angular, .NET, SQL Server","https://example.com/angular-portfolio"
"Vue.js, Ruby on Rails, PostgreSQL","https://example.com/vue-portfolio"
"Python, Django, MySQL","https://example.com/python-portfolio"
"Java, Spring Boot, Oracle","https://example.com/java-portfolio"
"Flutter, Firebase, GraphQL","https://example.com/flutter-portfolio"
"WordPress, PHP, MySQL","https://example.com/wordpress-portfolio"
"Magento, PHP, MySQL","https://example.com/magento-portfolio"
"React Native, Node.js, MongoDB","https://example.com/react-native-portfolio"
"iOS, Swift, Core Data","https://example.com/ios-portfolio"
"Android, Java, Room Persistence","https://example.com/android-portfolio"
"Kotlin, Android, Firebase","https://example.com/kotlin-android-portfolio"
"Android TV, Kotlin, Android NDK","https://example.com/android-tv-portfolio"
"iOS, Swift, ARKit","https://example.com/ios-ar-portfolio"
"Cross-platform, Xamarin, Azure","https://example.com/xamarin-portfolio"
"Backend, Kotlin, Spring Boot","https://example.com/kotlin-backend-portfolio"
"Frontend, TypeScript, Angular","https://example.com/typescript-frontend-portfolio"
"Full-stack, JavaScript, Express.js","https://example.com/full-stack-js-portfolio"
"Machine Learning, Python, TensorFlow","https://example.com/ml-python-portfolio"
"Deep Learning, Python, PyTorch","https://example.com/deep-learning-portfolio"
"Data Science, Python, Pandas, NumPy, Scikit-learn","https://example.com/data-science-portfolio"
"Data Analyst, SQL, Excel, Power BI","https://example.com/data-analyst-portfolio"
"Data Engineer, Python, SQL, Spark, Airflow","https://example.com/data-engineering-portfolio"
"AI Engineer, Python, LLMs, LangChain, RAG","https://example.com/ai-engineer-portfolio"
"Generative AI, Python, LLMs, Vector Databases","https://example.com/genai-portfolio"
"DevOps, Jenkins, Docker, Kubernetes","https://example.com/devops-portfolio"
"Cloud Engineer, AWS, Terraform, Docker","https://example.com/cloud-engineer-portfolio"
"Cybersecurity, SIEM, SOC, Network Security","https://example.com/cybersecurity-portfolio"
"QA Engineer, Selenium, Java, TestNG","https://example.com/qa-portfolio"
"Automation Testing, Cypress, Playwright, JavaScript","https://example.com/automation-testing-portfolio"
"Product Manager, Product Strategy, Roadmaps, Agile","https://example.com/product-manager-portfolio"
"Associate Product Manager, Product Analytics, Agile, Jira","https://example.com/apm-portfolio"
"Business Analyst, SQL, Excel, Power BI, Requirements Analysis","https://example.com/business-analyst-portfolio"
"Project Manager, Agile, Scrum, Jira, Stakeholder Management","https://example.com/project-manager-portfolio"
"Program Manager, Operations, Project Management, Stakeholder Management","https://example.com/program-manager-portfolio"
"Business Development, Sales, Lead Generation, CRM","https://example.com/business-development-portfolio"
"Sales Development Representative, CRM, Prospecting, Outreach","https://example.com/sdr-portfolio"
"Digital Marketing, SEO, Google Analytics, Content Marketing","https://example.com/digital-marketing-portfolio"
"Content Writer, Copywriting, SEO, Content Strategy","https://example.com/content-writer-portfolio"
"UI/UX Designer, Figma, User Research, Prototyping","https://example.com/uiux-portfolio"
"Graphic Designer, Figma, Photoshop, Illustrator","https://example.com/graphic-design-portfolio"
"Product Designer, Figma, UX Research, Design Systems","https://example.com/product-design-portfolio"
"Human Resources, Recruitment, Talent Acquisition, HR Operations","https://example.com/hr-portfolio"
"Recruiter, Talent Acquisition, Sourcing, Applicant Tracking Systems","https://example.com/recruiter-portfolio"
"Finance Analyst, Excel, Financial Modeling, Power BI","https://example.com/finance-portfolio"
"Accounting, Tally, GST, Excel, Financial Reporting","https://example.com/accounting-portfolio"
"Operations Manager, Operations, Process Improvement, Excel","https://example.com/operations-portfolio"
"Customer Success, CRM, Customer Support, Account Management","https://example.com/customer-success-portfolio"
"Technical Support, Troubleshooting, Linux, Networking","https://example.com/technical-support-portfolio"
"Supply Chain, Logistics, Inventory Management, Excel","https://example.com/supply-chain-portfolio"
"Legal, Contract Management, Compliance, Legal Research","https://example.com/legal-portfolio"
"Research Analyst, Market Research, Excel, Data Analysis","https://example.com/research-analyst-portfolio"
"Medical Writer, Scientific Writing, Research, Documentation","https://example.com/medical-writing-portfolio"
"Administrative Assistant, MS Office, Scheduling, Documentation","https://example.com/admin-portfolio"